代码,名称
sz159939,信息技术ETF
sz159933,国投金融地产ETF
sz159811,5G50ETF
sz159607,中概互联网ETF
sz159605,中概互联ETF
sz159587,粮食50ETF
sz159579,深主板50ETF华安
sz159570,港股通创新药ETF
sz159569,港股红利低波ETF
sz159567,港股创新药ETF
sz159557,恒生医疗指数ETF
sz159552,中证2000增强ETF
sz159545,恒生红利低波ETF
sz159507,电信ETF
sz159331,红利港股ETF
sz159330,沪深300ETF基金
sz159329,沙特ETF
sz159005,汇添富快钱ETF
sz159003,招商快线ETF
sz159001,货币ETF
sh563180,高股息ETF
sh520830,沙特ETF
sh516110,汽车ETF
sh512640,金融地产ETF基金
sh512160,MSCI中国A股ETF
sh511990,华宝添益ETF
sh511980,现金添富ETF
sh511970,国寿货币ETF
sh511960,嘉实快线ETF
sh511950,添利货币ETF
sh511930,国联日盈货币ETF
sh511920,广发货币ETF
sh511910,融通货币ETF
sh511900,富国货币ETF
sh511860,保证金货币ETF
sh511850,财富宝ETF
sh511830,华泰货币ETF
sh511820,鹏华添利ETF
sh511810,理财金货币ETF
sh511800,易方达货币ETF
sh511770,金鹰增益货币ETF
sh511700,场内货币ETF
sh511690,交易货币ETF
sh511670,华泰天天金ETF
sh511660,货币ETF建信添益
sh511650,华夏快线ETF
sh511620,货币基金ETF
sh511600,货币ETF
